group_id,type
g0,sulfo
g1,sulfo
g10,nitro
g100,methyl
g1000,c2n
g1001,c2n
g1002,c2n
g1003,c2n
g1004,c2n
g1005,c2n
g1006,c2n
g1007,c2n
g1008,c2n
g1009,c2n
g101,methyl
g1010,c2n
g1011,benzene
g1012,benzene
g1013,benzene
g1014,benzene
g1015,benzene
g1016,benzene
g1017,benzene
g1018,benzene
g1019,benzene
g102,methyl
g1020,benzene
g1021,benzene
g1022,benzene
g1023,benzene
g1024,benzene
g1025,benzene
g1026,benzene
g1027,benzene
g1028,benzene
g1029,benzene
g103,methyl
g1030,benzene
g1031,benzene
g1032,benzene
g1033,benzene
g1034,benzene
g1035,benzene
g1036,benzene
g1037,benzene
g1038,benzene
g1039,benzene
g104,methyl
g1040,benzene
g1041,benzene
g1042,benzene
g1043,benzene
g1044,benzene
g1045,benzene
g1046,benzene
g1047,benzene
g1048,benzene
g1049,benzene
g105,methyl
g1050,benzene
g1051,benzene
g1052,benzene
g1053,benzene
g1054,benzene
g1055,benzene
g1056,benzene
g1057,benzene
g1058,benzene
g1059,benzene
g106,methyl
g1060,benzene
g1061,benzene
g1062,benzene
g1063,benzene
g1064,benzene
g1065,benzene
g1066,benzene
g1067,benzene
g1068,benzene
g1069,benzene
g107,methyl
g1070,benzene
g1071,benzene
g1072,benzene
g1073,benzene
g1074,benzene
g1075,benzene
g1076,benzene
g1077,benzene
g1078,benzene
g1079,benzene
g108,methyl
g1080,benzene
g1081,benzene
g1082,benzene
g1083,benzene
g1084,benzene
g1085,benzene
g1086,benzene
g1087,benzene
g1088,benzene
g1089,benzene
g109,methyl
g1090,benzene
g1091,benzene
g1092,benzene
g1093,benzene
g1094,benzene
g1095,benzene
g1096,benzene
g1097,benzene
g1098,benzene
g1099,benzene
g11,nitro
g110,methyl
g1100,benzene
g1101,benzene
g1102,benzene
g1103,benzene
g1104,benzene
g1105,benzene
g1106,benzene
g1107,benzene
g1108,benzene
g1109,benzene
g111,methyl
g1110,benzene
g1111,benzene
g1112,benzene
g1113,benzene
g1114,benzene
g1115,benzene
g1116,benzene
g1117,benzene
g1118,benzene
g1119,benzene
g112,methyl
g1120,benzene
g1121,benzene
g1122,benzene
g1123,benzene
g1124,benzene
g1125,benzene
g1126,benzene
g1127,benzene
g1128,benzene
g1129,benzene
g113,methyl
g1130,benzene
g1131,benzene
g1132,benzene
g1133,benzene
g1134,benzene
g1135,benzene
g1136,benzene
g1137,benzene
g1138,benzene
g1139,benzene
g114,methyl
g1140,benzene
g1141,benzene
g1142,benzene
g1143,benzene
g1144,benzene
g1145,benzene
g1146,benzene
g1147,benzene
g1148,benzene
g1149,benzene
g115,methyl
g1150,benzene
g1151,benzene
g1152,benzene
g1153,benzene
g1154,benzene
g1155,benzene
g1156,benzene
g1157,benzene
g1158,benzene
g1159,benzene
g116,methyl
g1160,benzene
g1161,benzene
g1162,benzene
g1163,benzene
g1164,benzene
g1165,benzene
g1166,benzene
g1167,benzene
g1168,benzene
g1169,benzene
g117,methyl
g1170,benzene
g1171,benzene
g1172,benzene
g1173,benzene
g1174,benzene
g1175,benzene
g1176,benzene
g1177,benzene
g1178,benzene
g1179,benzene
g118,methyl
g1180,benzene
g1181,benzene
g1182,benzene
g1183,benzene
g1184,benzene
g1185,benzene
g1186,benzene
g1187,benzene
g1188,benzene
g1189,benzene
g119,methyl
g1190,benzene
g1191,benzene
g1192,benzene
g1193,benzene
g1194,benzene
g1195,benzene
g1196,benzene
g1197,benzene
g1198,benzene
g1199,benzene
g12,nitro
g120,methyl
g1200,benzene
g1201,benzene
g1202,benzene
g1203,benzene
g1204,benzene
g1205,benzene
g1206,benzene
g1207,benzene
g1208,benzene
g1209,benzene
g121,methyl
g1210,benzene
g1211,benzene
g1212,benzene
g1213,benzene
g1214,benzene
g1215,benzene
g1216,benzene
g1217,benzene
g1218,benzene
g1219,benzene
g122,methyl
g1220,benzene
g1221,benzene
g1222,benzene
g1223,benzene
g1224,benzene
g1225,benzene
g1226,benzene
g1227,benzene
g1228,benzene
g1229,benzene
g123,methyl
g1230,benzene
g1231,benzene
g1232,benzene
g1233,benzene
g1234,benzene
g1235,benzene
g1236,benzene
g1237,benzene
g1238,benzene
g1239,benzene
g124,methyl
g1240,benzene
g1241,benzene
g1242,benzene
g1243,benzene
g1244,benzene
g1245,benzene
g1246,benzene
g1247,benzene
g1248,benzene
g1249,benzene
g125,methyl
g1250,benzene
g1251,benzene
g1252,benzene
g1253,benzene
g1254,benzene
g1255,benzene
g1256,benzene
g1257,benzene
g1258,benzene
g1259,benzene
g126,methyl
g1260,benzene
g1261,benzene
g1262,benzene
g1263,benzene
g1264,benzene
g1265,benzene
g1266,benzene
g1267,benzene
g1268,benzene
g1269,benzene
g127,methyl
g1270,benzene
g1271,benzene
g1272,benzene
g1273,benzene
g1274,benzene
g1275,benzene
g1276,benzene
g1277,benzene
g1278,benzene
g1279,hetero_ar_6_ring
g128,methyl
g1280,hetero_ar_6_ring
g1281,hetero_ar_6_ring
g1282,hetero_ar_6_ring
g1283,hetero_ar_6_ring
g1284,non_ar_6c_ring
g1285,non_ar_6c_ring
g1286,non_ar_6c_ring
g1287,non_ar_6c_ring
g1288,non_ar_6c_ring
g1289,non_ar_6c_ring
g129,methyl
g1290,non_ar_6c_ring
g1291,non_ar_6c_ring
g1292,non_ar_6c_ring
g1293,non_ar_6c_ring
g1294,non_ar_6c_ring
g1295,non_ar_6c_ring
g1296,non_ar_6c_ring
g1297,non_ar_6c_ring
g1298,non_ar_6c_ring
g1299,non_ar_6c_ring
g13,nitro
g130,methyl
g1300,non_ar_6c_ring
g1301,non_ar_6c_ring
g1302,non_ar_6c_ring
g1303,non_ar_6c_ring
g1304,non_ar_6c_ring
g1305,non_ar_6c_ring
g1306,non_ar_6c_ring
g1307,non_ar_6c_ring
g1308,non_ar_hetero_6_ring
g1309,non_ar_hetero_6_ring
g131,methyl
g1310,non_ar_hetero_6_ring
g1311,non_ar_hetero_6_ring
g1312,non_ar_hetero_6_ring
g1313,non_ar_hetero_6_ring
g1314,non_ar_hetero_6_ring
g1315,non_ar_hetero_6_ring
g1316,non_ar_hetero_6_ring
g1317,non_ar_hetero_6_ring
g1318,non_ar_hetero_6_ring
g1319,non_ar_hetero_6_ring
g132,methyl
g1320,non_ar_hetero_6_ring
g1321,six_ring
g1322,six_ring
g1323,six_ring
g1324,six_ring
g1325,six_ring
g1326,six_ring
g1327,six_ring
g1328,six_ring
g1329,six_ring
g133,methyl
g1330,six_ring
g1331,six_ring
g1332,six_ring
g1333,six_ring
g1334,six_ring
g1335,six_ring
g1336,six_ring
g1337,six_ring
g1338,six_ring
g1339,six_ring
g134,methyl
g1340,six_ring
g1341,six_ring
g1342,six_ring
g1343,six_ring
g1344,six_ring
g1345,six_ring
g1346,six_ring
g1347,six_ring
g1348,six_ring
g1349,six_ring
g135,methyl
g1350,six_ring
g1351,six_ring
g1352,six_ring
g1353,six_ring
g1354,six_ring
g1355,six_ring
g1356,six_ring
g1357,six_ring
g1358,six_ring
g1359,six_ring
g136,methyl
g1360,six_ring
g1361,six_ring
g1362,six_ring
g1363,six_ring
g1364,six_ring
g1365,six_ring
g1366,six_ring
g1367,six_ring
g1368,six_ring
g1369,six_ring
g137,methyl
g1370,six_ring
g1371,six_ring
g1372,six_ring
g1373,six_ring
g1374,six_ring
g1375,six_ring
g1376,six_ring
g1377,six_ring
g1378,six_ring
g1379,six_ring
g138,methyl
g1380,six_ring
g1381,six_ring
g1382,six_ring
g1383,six_ring
g1384,six_ring
g1385,six_ring
g1386,six_ring
g1387,six_ring
g1388,six_ring
g1389,six_ring
g139,methyl
g1390,six_ring
g1391,six_ring
g1392,six_ring
g1393,six_ring
g1394,six_ring
g1395,six_ring
g1396,six_ring
g1397,six_ring
g1398,six_ring
g1399,six_ring
g14,nitro
g140,methyl
g1400,six_ring
g1401,six_ring
g1402,six_ring
g1403,six_ring
g1404,six_ring
g1405,six_ring
g1406,six_ring
g1407,six_ring
g1408,six_ring
g1409,six_ring
g141,methyl
g1410,six_ring
g1411,six_ring
g1412,six_ring
g1413,six_ring
g1414,six_ring
g1415,six_ring
g1416,six_ring
g1417,six_ring
g1418,six_ring
g1419,six_ring
g142,methyl
g1420,six_ring
g1421,six_ring
g1422,six_ring
g1423,six_ring
g1424,six_ring
g1425,six_ring
g1426,six_ring
g1427,six_ring
g1428,six_ring
g1429,six_ring
g143,methyl
g1430,six_ring
g1431,six_ring
g1432,six_ring
g1433,six_ring
g1434,six_ring
g1435,six_ring
g1436,six_ring
g1437,six_ring
g1438,six_ring
g1439,six_ring
g144,methyl
g1440,six_ring
g1441,six_ring
g1442,six_ring
g1443,six_ring
g1444,six_ring
g1445,six_ring
g1446,six_ring
g1447,six_ring
g1448,six_ring
g1449,six_ring
g145,methyl
g1450,six_ring
g1451,six_ring
g1452,six_ring
g1453,six_ring
g1454,six_ring
g1455,six_ring
g1456,six_ring
g1457,six_ring
g1458,six_ring
g1459,six_ring
g146,methyl
g1460,six_ring
g1461,six_ring
g1462,six_ring
g1463,six_ring
g1464,six_ring
g1465,six_ring
g1466,six_ring
g1467,six_ring
g1468,six_ring
g1469,six_ring
g147,methyl
g1470,six_ring
g1471,six_ring
g1472,six_ring
g1473,six_ring
g1474,six_ring
g1475,six_ring
g1476,six_ring
g1477,six_ring
g1478,six_ring
g1479,six_ring
g148,methyl
g1480,six_ring
g1481,six_ring
g1482,six_ring
g1483,six_ring
g1484,six_ring
g1485,six_ring
g1486,six_ring
g1487,six_ring
g1488,six_ring
g1489,six_ring
g149,methyl
g1490,six_ring
g1491,six_ring
g1492,six_ring
g1493,six_ring
g1494,six_ring
g1495,six_ring
g1496,six_ring
g1497,six_ring
g1498,six_ring
g1499,six_ring
g15,nitro
g150,methyl
g1500,six_ring
g1501,six_ring
g1502,six_ring
g1503,six_ring
g1504,six_ring
g1505,six_ring
g1506,six_ring
g1507,six_ring
g1508,six_ring
g1509,six_ring
g151,methyl
g1510,six_ring
g1511,six_ring
g1512,six_ring
g1513,six_ring
g1514,six_ring
g1515,six_ring
g1516,six_ring
g1517,six_ring
g1518,six_ring
g1519,six_ring
g152,methyl
g1520,six_ring
g1521,six_ring
g1522,six_ring
g1523,six_ring
g1524,six_ring
g1525,six_ring
g1526,six_ring
g1527,six_ring
g1528,six_ring
g1529,six_ring
g153,methyl
g1530,six_ring
g1531,six_ring
g1532,six_ring
g1533,six_ring
g1534,six_ring
g1535,six_ring
g1536,six_ring
g1537,six_ring
g1538,six_ring
g1539,six_ring
g154,methyl
g1540,six_ring
g1541,six_ring
g1542,six_ring
g1543,six_ring
g1544,six_ring
g1545,six_ring
g1546,six_ring
g1547,six_ring
g1548,six_ring
g1549,six_ring
g155,methyl
g1550,six_ring
g1551,six_ring
g1552,six_ring
g1553,six_ring
g1554,six_ring
g1555,six_ring
g1556,six_ring
g1557,six_ring
g1558,six_ring
g1559,six_ring
g156,methyl
g1560,six_ring
g1561,six_ring
g1562,six_ring
g1563,six_ring
g1564,six_ring
g1565,six_ring
g1566,six_ring
g1567,six_ring
g1568,six_ring
g1569,six_ring
g157,methyl
g1570,six_ring
g1571,six_ring
g1572,six_ring
g1573,six_ring
g1574,six_ring
g1575,six_ring
g1576,six_ring
g1577,six_ring
g1578,six_ring
g1579,six_ring
g158,methyl
g1580,six_ring
g1581,six_ring
g1582,six_ring
g1583,six_ring
g1584,six_ring
g1585,six_ring
g1586,six_ring
g1587,six_ring
g1588,six_ring
g1589,six_ring
g159,methyl
g1590,six_ring
g1591,six_ring
g1592,six_ring
g1593,six_ring
g1594,six_ring
g1595,six_ring
g1596,six_ring
g1597,six_ring
g1598,six_ring
g1599,six_ring
g16,nitro
g160,methyl
g1600,six_ring
g1601,six_ring
g1602,six_ring
g1603,six_ring
g1604,six_ring
g1605,six_ring
g1606,six_ring
g1607,six_ring
g1608,six_ring
g1609,six_ring
g161,methyl
g1610,six_ring
g1611,six_ring
g1612,six_ring
g1613,six_ring
g1614,six_ring
g1615,six_ring
g1616,six_ring
g1617,six_ring
g1618,six_ring
g1619,six_ring
g162,methyl
g1620,six_ring
g1621,six_ring
g1622,six_ring
g1623,six_ring
g1624,six_ring
g1625,six_ring
g1626,six_ring
g1627,six_ring
g1628,six_ring
g1629,six_ring
g163,methyl
g1630,six_ring
g1631,six_ring
g1632,six_ring
g1633,six_ring
g1634,six_ring
g1635,six_ring
g1636,six_ring
g1637,six_ring
g1638,six_ring
g1639,carbon_5_ar_ring
g164,methyl
g1640,carbon_5_ar_ring
g1641,carbon_5_ar_ring
g1642,carbon_5_ar_ring
g1643,carbon_5_ar_ring
g1644,hetero_ar_5_ring
g1645,non_ar_5c_ring
g1646,non_ar_5c_ring
g1647,non_ar_5c_ring
g1648,non_ar_5c_ring
g1649,non_ar_5c_ring
g165,methyl
g1650,non_ar_5c_ring
g1651,non_ar_5c_ring
g1652,non_ar_5c_ring
g1653,non_ar_5c_ring
g1654,non_ar_5c_ring
g1655,non_ar_5c_ring
g1656,non_ar_5c_ring
g1657,non_ar_5c_ring
g1658,non_ar_5c_ring
g1659,non_ar_5c_ring
g166,methyl
g1660,non_ar_5c_ring
g1661,non_ar_5c_ring
g1662,non_ar_5c_ring
g1663,non_ar_5c_ring
g1664,non_ar_5c_ring
g1665,non_ar_5c_ring
g1666,non_ar_5c_ring
g1667,non_ar_5c_ring
g1668,non_ar_5c_ring
g1669,non_ar_5c_ring
g167,methyl
g1670,non_ar_hetero_5_ring
g1671,non_ar_hetero_5_ring
g1672,non_ar_hetero_5_ring
g1673,non_ar_hetero_5_ring
g1674,non_ar_hetero_5_ring
g1675,non_ar_hetero_5_ring
g1676,non_ar_hetero_5_ring
g1677,non_ar_hetero_5_ring
g1678,non_ar_hetero_5_ring
g1679,non_ar_hetero_5_ring
g168,methyl
g1680,non_ar_hetero_5_ring
g1681,non_ar_hetero_5_ring
g1682,five_ring
g1683,five_ring
g1684,five_ring
g1685,five_ring
g1686,five_ring
g1687,five_ring
g1688,five_ring
g1689,five_ring
g169,methyl
g1690,five_ring
g1691,five_ring
g1692,five_ring
g1693,five_ring
g1694,five_ring
g1695,five_ring
g1696,five_ring
g1697,five_ring
g1698,five_ring
g1699,five_ring
g17,nitro
g170,methyl
g1700,five_ring
g1701,five_ring
g1702,five_ring
g1703,five_ring
g1704,five_ring
g1705,five_ring
g1706,five_ring
g1707,five_ring
g1708,five_ring
g1709,five_ring
g171,methyl
g1710,five_ring
g1711,five_ring
g1712,five_ring
g1713,five_ring
g1714,five_ring
g1715,five_ring
g1716,five_ring
g1717,five_ring
g1718,five_ring
g1719,five_ring
g172,methyl
g1720,five_ring
g1721,five_ring
g1722,five_ring
g1723,five_ring
g1724,five_ring
g1725,five_ring
g1726,five_ring
g1727,five_ring
g1728,five_ring
g1729,five_ring
g173,methyl
g1730,five_ring
g1731,five_ring
g1732,five_ring
g1733,five_ring
g1734,five_ring
g1735,five_ring
g174,methyl
g175,methyl
g176,methyl
g177,methyl
g178,methyl
g179,methyl
g18,nitro
g180,methyl
g181,methyl
g182,methyl
g183,methyl
g184,methyl
g185,methyl
g186,methyl
g187,methyl
g188,methyl
g189,methyl
g19,nitro
g190,methyl
g191,methyl
g192,methyl
g193,methyl
g194,methyl
g195,methyl
g196,methyl
g197,methyl
g198,methyl
g199,methyl
g2,sulfo
g20,nitro
g200,methyl
g201,methyl
g202,methyl
g203,methyl
g204,methyl
g205,methyl
g206,methyl
g207,methyl
g208,methyl
g209,methyl
g21,nitro
g210,methyl
g211,methyl
g212,methyl
g213,methyl
g214,methyl
g215,methyl
g216,methyl
g217,methyl
g218,methyl
g219,methyl
g22,nitro
g220,methyl
g221,methyl
g222,methyl
g223,methyl
g224,methyl
g225,methyl
g226,methyl
g227,methyl
g228,methyl
g229,methyl
g23,nitro
g230,methyl
g231,methyl
g232,methyl
g233,methyl
g234,methyl
g235,methyl
g236,methyl
g237,methyl
g238,methyl
g239,methyl
g24,nitro
g240,methyl
g241,methyl
g242,methyl
g243,methyl
g244,methyl
g245,methyl
g246,methyl
g247,methyl
g248,methyl
g249,methyl
g25,nitro
g250,methyl
g251,methyl
g252,methyl
g253,methyl
g254,methyl
g255,methyl
g256,methyl
g257,methyl
g258,methyl
g259,methyl
g26,nitro
g260,methyl
g261,methyl
g262,methyl
g263,methyl
g264,methyl
g265,methyl
g266,methyl
g267,methyl
g268,methyl
g269,methyl
g27,nitro
g270,methyl
g271,methyl
g272,methyl
g273,methyl
g274,methoxy
g275,methoxy
g276,methoxy
g277,methoxy
g278,methoxy
g279,methoxy
g28,nitro
g280,methoxy
g281,methoxy
g282,methoxy
g283,methoxy
g284,methoxy
g285,methoxy
g286,methoxy
g287,methoxy
g288,methoxy
g289,methoxy
g29,nitro
g290,methoxy
g291,methoxy
g292,methoxy
g293,methoxy
g294,methoxy
g295,methoxy
g296,methoxy
g297,methoxy
g298,methoxy
g299,methoxy
g3,sulfo
g30,nitro
g300,methoxy
g301,methoxy
g302,methoxy
g303,methoxy
g304,methoxy
g305,methoxy
g306,methoxy
g307,methoxy
g308,methoxy
g309,methoxy
g31,nitro
g310,amine
g311,amine
g312,amine
g313,amine
g314,amine
g315,amine
g316,amine
g317,amine
g318,amine
g319,amine
g32,nitro
g320,amine
g321,amine
g322,amine
g323,amine
g324,amine
g325,amine
g326,amine
g327,amine
g328,amine
g329,amine
g33,nitro
g330,amine
g331,amine
g332,amine
g333,amine
g334,amine
g335,amine
g336,amine
g337,amine
g338,amine
g339,amine
g34,nitro
g340,amine
g341,amine
g342,amine
g343,amine
g344,amine
g345,amine
g346,amine
g347,amine
g348,amine
g349,amine
g35,nitro
g350,amine
g351,amine
g352,amine
g353,amine
g354,amine
g355,amine
g356,amine
g357,amine
g358,amine
g359,amine
g36,nitro
g360,amine
g361,amine
g362,amine
g363,amine
g364,amine
g365,amine
g366,amine
g367,amine
g368,amine
g369,amine
g37,nitro
g370,amine
g371,amine
g372,amine
g373,amine
g374,amine
g375,amine
g376,amine
g377,amine
g378,amine
g379,amine
g38,nitro
g380,amine
g381,amine
g382,amine
g383,amine
g384,amine
g385,amine
g386,amine
g387,amine
g388,amine
g389,amine
g39,nitro
g390,amine
g391,amine
g392,amine
g393,amine
g394,amine
g395,amine
g396,amine
g397,amine
g398,amine
g399,amine
g4,sulfo
g40,nitro
g400,amine
g401,amine
g402,amine
g403,amine
g404,amine
g405,amine
g406,amine
g407,amine
g408,amine
g409,amine
g41,nitro
g410,amine
g411,amine
g412,amine
g413,amine
g414,amine
g415,amine
g416,amine
g417,amine
g418,amine
g419,amine
g42,nitro
g420,amine
g421,amine
g422,amine
g423,amine
g424,amine
g425,amine
g426,amine
g427,amine
g428,amine
g429,amine
g43,nitro
g430,amine
g431,amine
g432,amine
g433,amine
g434,amine
g435,amine
g436,amine
g437,amine
g438,amine
g439,amine
g44,nitro
g440,amine
g441,amine
g442,amine
g443,aldehyde
g444,aldehyde
g445,aldehyde
g446,aldehyde
g447,aldehyde
g448,aldehyde
g449,aldehyde
g45,nitro
g450,aldehyde
g451,aldehyde
g452,ketone
g453,ketone
g454,ketone
g455,ketone
g456,ketone
g457,ketone
g458,ketone
g459,ketone
g46,nitro
g460,ether
g461,ether
g462,ether
g463,ether
g464,ether
g465,ether
g466,ether
g467,ether
g468,ether
g469,ether
g47,nitro
g470,ether
g471,ether
g472,ether
g473,ether
g474,ether
g475,ether
g476,ether
g477,ether
g478,ether
g479,ether
g48,methyl
g480,ether
g481,ether
g482,ether
g483,ether
g484,ether
g485,ether
g486,ether
g487,ether
g488,ether
g489,ether
g49,methyl
g490,sulfide
g491,sulfide
g492,sulfide
g493,sulfide
g494,sulfide
g495,alcohol
g496,alcohol
g497,alcohol
g498,alcohol
g499,alcohol
g5,sulfo
g50,methyl
g500,alcohol
g501,alcohol
g502,alcohol
g503,alcohol
g504,alcohol
g505,alcohol
g506,alcohol
g507,alcohol
g508,alcohol
g509,alcohol
g51,methyl
g510,alcohol
g511,alcohol
g512,alcohol
g513,alcohol
g514,alcohol
g515,alcohol
g516,alcohol
g517,alcohol
g518,alcohol
g519,alcohol
g52,methyl
g520,alcohol
g521,alcohol
g522,phenol
g523,phenol
g524,phenol
g525,phenol
g526,phenol
g527,phenol
g528,phenol
g529,phenol
g53,methyl
g530,phenol
g531,phenol
g532,phenol
g533,phenol
g534,phenol
g535,phenol
g536,phenol
g537,phenol
g538,phenol
g539,phenol
g54,methyl
g540,phenol
g541,phenol
g542,phenol
g543,phenol
g544,phenol
g545,phenol
g546,phenol
g547,phenol
g548,phenol
g549,phenol
g55,methyl
g550,phenol
g551,carboxylic_acid
g552,carboxylic_acid
g553,carboxylic_acid
g554,carboxylic_acid
g555,carboxylic_acid
g556,carboxylic_acid
g557,carboxylic_acid
g558,carboxylic_acid
g559,carboxylic_acid
g56,methyl
g560,carboxylic_acid
g561,carboxylic_acid
g562,carboxylic_acid
g563,carboxylic_acid
g564,carboxylic_acid
g565,carboxylic_acid
g566,carboxylic_acid
g567,ester
g568,ester
g569,ester
g57,methyl
g570,ester
g571,ester
g572,ester
g573,ester
g574,ester
g575,ester
g576,ester
g577,ester
g578,ester
g579,ester
g58,methyl
g580,ester
g581,ester
g582,ester
g583,ester
g584,ester
g585,ester
g586,ester
g587,ester
g588,ester
g589,ester
g59,methyl
g590,ester
g591,ester
g592,ester
g593,ester
g594,ester
g595,ester
g596,ester
g597,ester
g598,ester
g599,ester
g6,sulfo
g60,methyl
g600,ester
g601,ester
g602,ester
g603,ester
g604,ester
g605,ester
g606,ester
g607,ester
g608,amide
g609,amide
g61,methyl
g610,amide
g611,amide
g612,amide
g613,amide
g614,amide
g615,amide
g616,amide
g617,amide
g618,amide
g619,amide
g62,methyl
g620,amide
g621,amide
g622,amide
g623,amide
g624,amide
g625,amide
g626,amide
g627,amide
g628,amide
g629,amide
g63,methyl
g630,amide
g631,amide
g632,amide
g633,amide
g634,amide
g635,amide
g636,amide
g637,amide
g638,amide
g639,amide
g64,methyl
g640,imine
g641,imine
g642,imine
g643,imine
g644,imine
g645,imine
g646,imine
g647,imine
g648,alkyl_halide
g649,alkyl_halide
g65,methyl
g650,alkyl_halide
g651,alkyl_halide
g652,alkyl_halide
g653,alkyl_halide
g654,alkyl_halide
g655,alkyl_halide
g656,alkyl_halide
g657,alkyl_halide
g658,alkyl_halide
g659,alkyl_halide
g66,methyl
g660,alkyl_halide
g661,alkyl_halide
g662,alkyl_halide
g663,alkyl_halide
g664,alkyl_halide
g665,alkyl_halide
g666,alkyl_halide
g667,alkyl_halide
g668,alkyl_halide
g669,alkyl_halide
g67,methyl
g670,alkyl_halide
g671,alkyl_halide
g672,alkyl_halide
g673,alkyl_halide
g674,alkyl_halide
g675,alkyl_halide
g676,alkyl_halide
g677,alkyl_halide
g678,alkyl_halide
g679,alkyl_halide
g68,methyl
g680,alkyl_halide
g681,alkyl_halide
g682,alkyl_halide
g683,alkyl_halide
g684,alkyl_halide
g685,alkyl_halide
g686,alkyl_halide
g687,alkyl_halide
g688,alkyl_halide
g689,alkyl_halide
g69,methyl
g690,alkyl_halide
g691,alkyl_halide
g692,alkyl_halide
g693,alkyl_halide
g694,alkyl_halide
g695,alkyl_halide
g696,alkyl_halide
g697,alkyl_halide
g698,alkyl_halide
g699,alkyl_halide
g7,nitro
g70,methyl
g700,alkyl_halide
g701,alkyl_halide
g702,alkyl_halide
g703,alkyl_halide
g704,alkyl_halide
g705,alkyl_halide
g706,alkyl_halide
g707,alkyl_halide
g708,alkyl_halide
g709,alkyl_halide
g71,methyl
g710,alkyl_halide
g711,alkyl_halide
g712,alkyl_halide
g713,alkyl_halide
g714,alkyl_halide
g715,alkyl_halide
g716,alkyl_halide
g717,alkyl_halide
g718,alkyl_halide
g719,alkyl_halide
g72,methyl
g720,alkyl_halide
g721,alkyl_halide
g722,alkyl_halide
g723,alkyl_halide
g724,alkyl_halide
g725,alkyl_halide
g726,alkyl_halide
g727,alkyl_halide
g728,alkyl_halide
g729,alkyl_halide
g73,methyl
g730,alkyl_halide
g731,alkyl_halide
g732,alkyl_halide
g733,alkyl_halide
g734,alkyl_halide
g735,alkyl_halide
g736,alkyl_halide
g737,alkyl_halide
g738,alkyl_halide
g739,alkyl_halide
g74,methyl
g740,alkyl_halide
g741,alkyl_halide
g742,alkyl_halide
g743,alkyl_halide
g744,alkyl_halide
g745,alkyl_halide
g746,alkyl_halide
g747,alkyl_halide
g748,alkyl_halide
g749,alkyl_halide
g75,methyl
g750,alkyl_halide
g751,alkyl_halide
g752,alkyl_halide
g753,alkyl_halide
g754,alkyl_halide
g755,alkyl_halide
g756,alkyl_halide
g757,alkyl_halide
g758,alkyl_halide
g759,alkyl_halide
g76,methyl
g760,alkyl_halide
g761,alkyl_halide
g762,alkyl_halide
g763,alkyl_halide
g764,alkyl_halide
g765,alkyl_halide
g766,alkyl_halide
g767,alkyl_halide
g768,alkyl_halide
g769,alkyl_halide
g77,methyl
g770,alkyl_halide
g771,alkyl_halide
g772,alkyl_halide
g773,alkyl_halide
g774,alkyl_halide
g775,alkyl_halide
g776,alkyl_halide
g777,alkyl_halide
g778,alkyl_halide
g779,alkyl_halide
g78,methyl
g780,alkyl_halide
g781,alkyl_halide
g782,alkyl_halide
g783,alkyl_halide
g784,alkyl_halide
g785,alkyl_halide
g786,alkyl_halide
g787,alkyl_halide
g788,alkyl_halide
g789,alkyl_halide
g79,methyl
g790,alkyl_halide
g791,alkyl_halide
g792,alkyl_halide
g793,alkyl_halide
g794,alkyl_halide
g795,alkyl_halide
g796,alkyl_halide
g797,alkyl_halide
g798,alkyl_halide
g799,alkyl_halide
g8,nitro
g80,methyl
g800,alkyl_halide
g801,alkyl_halide
g802,alkyl_halide
g803,alkyl_halide
g804,alkyl_halide
g805,alkyl_halide
g806,alkyl_halide
g807,alkyl_halide
g808,alkyl_halide
g809,alkyl_halide
g81,methyl
g810,alkyl_halide
g811,alkyl_halide
g812,alkyl_halide
g813,alkyl_halide
g814,alkyl_halide
g815,alkyl_halide
g816,alkyl_halide
g817,alkyl_halide
g818,alkyl_halide
g819,alkyl_halide
g82,methyl
g820,alkyl_halide
g821,alkyl_halide
g822,alkyl_halide
g823,alkyl_halide
g824,alkyl_halide
g825,alkyl_halide
g826,alkyl_halide
g827,alkyl_halide
g828,alkyl_halide
g829,alkyl_halide
g83,methyl
g830,alkyl_halide
g831,alkyl_halide
g832,alkyl_halide
g833,alkyl_halide
g834,alkyl_halide
g835,alkyl_halide
g836,alkyl_halide
g837,alkyl_halide
g838,alkyl_halide
g839,alkyl_halide
g84,methyl
g840,alkyl_halide
g841,alkyl_halide
g842,alkyl_halide
g843,alkyl_halide
g844,alkyl_halide
g845,alkyl_halide
g846,alkyl_halide
g847,alkyl_halide
g848,alkyl_halide
g849,alkyl_halide
g85,methyl
g850,alkyl_halide
g851,alkyl_halide
g852,alkyl_halide
g853,alkyl_halide
g854,alkyl_halide
g855,alkyl_halide
g856,alkyl_halide
g857,alkyl_halide
g858,alkyl_halide
g859,alkyl_halide
g86,methyl
g860,alkyl_halide
g861,alkyl_halide
g862,alkyl_halide
g863,alkyl_halide
g864,alkyl_halide
g865,alkyl_halide
g866,alkyl_halide
g867,alkyl_halide
g868,alkyl_halide
g869,alkyl_halide
g87,methyl
g870,alkyl_halide
g871,alkyl_halide
g872,alkyl_halide
g873,alkyl_halide
g874,alkyl_halide
g875,alkyl_halide
g876,alkyl_halide
g877,alkyl_halide
g878,alkyl_halide
g879,alkyl_halide
g88,methyl
g880,alkyl_halide
g881,alkyl_halide
g882,ar_halide
g883,ar_halide
g884,ar_halide
g885,ar_halide
g886,ar_halide
g887,ar_halide
g888,ar_halide
g889,ar_halide
g89,methyl
g890,ar_halide
g891,ar_halide
g892,ar_halide
g893,ar_halide
g894,ar_halide
g895,ar_halide
g896,ar_halide
g897,ar_halide
g898,ar_halide
g899,ar_halide
g9,nitro
g90,methyl
g900,ar_halide
g901,ar_halide
g902,ar_halide
g903,ar_halide
g904,ar_halide
g905,ar_halide
g906,ar_halide
g907,ar_halide
g908,ar_halide
g909,ar_halide
g91,methyl
g910,ar_halide
g911,ar_halide
g912,ar_halide
g913,ar_halide
g914,ar_halide
g915,ar_halide
g916,ar_halide
g917,ar_halide
g918,ar_halide
g919,ar_halide
g92,methyl
g920,ar_halide
g921,ar_halide
g922,ar_halide
g923,ar_halide
g924,ar_halide
g925,ar_halide
g926,ar_halide
g927,ar_halide
g928,ar_halide
g929,ar_halide
g93,methyl
g930,ar_halide
g931,ar_halide
g932,ar_halide
g933,ar_halide
g934,ar_halide
g935,ar_halide
g936,ar_halide
g937,ar_halide
g938,ar_halide
g939,ar_halide
g94,methyl
g940,ar_halide
g941,ar_halide
g942,ar_halide
g943,ar_halide
g944,ar_halide
g945,ar_halide
g946,ar_halide
g947,ar_halide
g948,ar_halide
g949,ar_halide
g95,methyl
g950,ar_halide
g951,ar_halide
g952,ar_halide
g953,ar_halide
g954,ar_halide
g955,ar_halide
g956,ar_halide
g957,ar_halide
g958,ar_halide
g959,ar_halide
g96,methyl
g960,ar_halide
g961,ar_halide
g962,ar_halide
g963,ar_halide
g964,ar_halide
g965,ar_halide
g966,ar_halide
g967,ar_halide
g968,ar_halide
g969,ar_halide
g97,methyl
g970,ar_halide
g971,ar_halide
g972,ar_halide
g973,ar_halide
g974,ar_halide
g975,ar_halide
g976,ar_halide
g977,ar_halide
g978,ar_halide
g979,ar_halide
g98,methyl
g980,ar_halide
g981,ar_halide
g982,ar_halide
g983,ar_halide
g984,ar_halide
g985,ar_halide
g986,epoxy
g987,epoxy
g988,epoxy
g989,epoxy
g99,methyl
g990,epoxy
g991,epoxy
g992,epoxy
g993,epoxy
g994,epoxy
g995,n2n
g996,n2n
g997,n2n
g998,n2n
g999,c2n
